ID,q
0.0,0.299038871107879
1.0,0.30334018892213527
2.0,-0.45489598584147334
3.0,0.312482037291808
4.0,0.34366518113998795
5.0,-0.36515888386404655
6.0,0.45855454537916507
7.0,0.3662691378791564
8.0,-0.5030427307869003
9.0,0.3392554538695574
10.0,0.2908576321506203
11.0,-0.3679214296335883
12.0,0.41415581049053046
13.0,0.3938085092729219
14.0,-0.4067483736627686
15.0,0.27830637679425363
16.0,0.2974794220422864
