ID,q
0.0,0.30231989805484044
1.0,0.30168834487248314
2.0,-0.456646226905347
3.0,0.3153702005780817
4.0,0.34474864577118214
5.0,-0.37356535263677004
6.0,0.46893020424205833
7.0,0.36385945509022555
8.0,-0.5110297380248213
9.0,0.34421868729864746
10.0,0.2966465019990871
11.0,-0.3694387537779061
12.0,0.4143964787292919
13.0,0.39865527973184883
14.0,-0.4063253660327159
15.0,0.2783988913918676
16.0,0.29408786514365265
